theta_base_deg,total_thickness_m,aspect_ratio,a_m,D11_Nm,D12_Nm,D22_Nm,D66_Nm,critical_load_N_per_m,critical_load_clean_N_per_m
35.140675445660975,0.008860601752748148,3.485912925121973,1.7429564625609866,3811.65747856708,1822.0012972486347,2154.635059710414,7021.849243539255,2298722.247049628,2298722.247049628
35.1757256268268,0.016428748128323647,2.0707053243158047,1.0353526621579023,24260.505333605783,11622.982058073972,13751.202474963295,44795.40451868907,10542643.301772181,10542643.301772181
43.29548701914325,0.008412317384936748,3.4557412128634257,1.7278706064317129,2229.8865043296023,1735.402503358957,2523.515288715786,6713.8416144253,2394329.9805560275,2394329.9805560275
40.73346048185057,0.0027697388852625385,1.048569112276157,0.5242845561380785,90.41466427856159,60.88619607056037,81.35042124763747,235.41529982669522,48760.22345965077,48760.22345965077
25.022064114111085,0.0034495023486211013,3.892771106074908,1.946385553037454,322.49444178233585,74.62250023946287,95.30409915573588,282.7857995993052,108402.85446114765,108402.85446114765
18.38319018589833,0.00785960734892615,2.3932905181262814,1.1966452590631407,4512.3887313221885,583.9526740146798,1027.035138290895,2150.052035711935,648970.1274015905,648970.1274015905
39.21761862263465,0.008353808502152081,1.6471319974017562,0.8235659987008781,2666.2246146109514,1642.1091024590223,2103.353087945417,6345.387519594689,1395759.4661520338,1395759.4661520338
9.075479466038253,0.006338783143451908,1.6432928230866741,0.8216464115433371,2742.132547463316,127.82231175751508,520.7811692719642,413.8432051811352,171051.72298592163,171051.72298592163
11.303890705145113,0.0077742574340906746,2.6104579603212548,1.3052289801606274,4929.023555080062,299.77197385074015,962.6150960722073,1019.3153891633972,472156.0400052037,472156.0400052037
3.6351106078148048,0.00276335719681117,3.1194717011715385,1.5597358505857692,236.3275658279435,6.002346793464747,43.180891794691654,15.935966191372628,20537.939565845907,20537.939565845907
42.9589353412849,0.013042469037996766,3.060916451572028,1.530458225786014,8453.913352654052,6458.327508206588,9279.151993587544,24984.46978511721,7923127.395062334,7923127.395062334
9.81821031123737,0.017784729962947853,1.477936845572884,0.738968422786442,60079.72433199122,3062.869566853376,11506.682076382442,10099.249924334617,3914760.445115576,3914760.445115576
22.997264785442436,0.005760882774413072,2.0798254696460923,1.0399127348230461,1590.14657271433,311.56428636332663,428.0033012902806,1173.107262698619,297452.7837063708,297452.7837063708
3.9399665972671727,0.004184675416515139,3.9846781073486777,1.9923390536743388,819.6294176412982,21.39149728805819,149.94159510240678,57.52896903671683,106798.67464566519,106798.67464566519
23.133721989490734,0.014298351957103089,1.3315866591682073,0.6657933295841036,24223.157725943314,4800.9653773541995,6558.510690846383,18085.442681495337,4233430.345141913,4233430.345141913
28.62089231875464,0.008749366051742192,1.0486952917093706,0.5243476458546853,4697.1400731717085,1432.6627939045056,1690.4122845402976,5474.3938553434655,1219606.9149226237,1219606.9149226237
28.95952070948188,0.003820218205743501,1.477764758257253,0.7388823791286265,386.51454236419085,120.85598267013566,141.98780209973387,462.0929398007721,101741.71423688321,101741.71423688321
31.384630765446456,0.007087879903257049,3.4989964058570275,1.7494982029285138,2263.6810087932854,841.3528402358513,972.8319330881226,3229.1742043061986,1053862.8036200346,1053862.8036200346
42.073363963863834,0.005538103943464889,2.298851504730968,1.149425752365484,676.7202979797296,492.0214262610144,685.7899225341782,1903.0982053797734,487506.9176208476,487506.9176208476
37.18143760685927,0.005569829855286421,3.449725873686392,1.724862936843196,867.0390807454914,471.6637092251344,576.7458500205119,1820.54405305511,598571.2527740638,598571.2527740638
3.688967970671068,0.009231896553977737,3.92079455369264,1.96039727684632,8810.053514580666,224.8153512509494,1610.0734425968826,598.2247992792372,1111976.470797993,1111976.470797993
39.60558999027457,0.0027065667851973564,1.9416270618321227,0.9708135309160614,89.04098603216664,56.12161653703104,72.62289799232103,216.90064212179726,50423.68366742847,50423.68366742847
0.3994829552076967,0.00322044614548634,1.9912341580353314,0.9956170790176657,376.8586180899408,8.083010351305496,68.39406648781919,19.553106933602812,18184.06827498924,18184.06827498924
2.1578917485121503,0.019632956686452728,2.7211029179036688,1.3605514589518344,85167.9302457698,1942.4339793942402,15492.426083502223,4874.368748432663,5905845.667881085,5905845.667881085
33.85276289784406,0.01792160776572945,3.4441015967266657,1.7220507983633329,33253.51126079045,14611.577338710315,17043.628148032873,56244.00455951545,18127356.136957005,18127356.136957005
12.568160243426554,0.018323906189620938,1.974793577385437,0.9873967886927185,63434.04423881945,4464.294742359494,12633.907337188008,15503.210185555829,5387903.801345531,5387903.801345531
41.961079892245934,0.01008154931659701,2.717613461748771,1.3588067308743854,4105.214689840236,2965.899733595026,4118.606311213443,11471.560761027595,3268479.215072914,3268479.215072914
9.219050941890325,0.017597791447126122,1.816254494027953,0.9081272470139765,58585.9168236178,2778.7188777608144,11143.919490740607,9029.803686091478,3797739.5805671536,3797739.5805671536
23.411214952706164,0.010526964108189854,2.533844239701322,1.266922119850661,9594.087826799,1946.2056549282754,2629.472705383324,7338.492755407455,2037989.6940434177,2037989.6940434177
14.062176583985915,0.017303135017740542,3.631824675987647,1.8159123379938236,52205.52065705271,4339.647808042691,10683.609278357559,15376.512460995244,8490294.674336169,8490294.674336169
36.228780665458146,0.012750292189896885,1.2839378321223167,0.6419689160611584,10843.825639281384,5556.859019417087,6678.135310937522,21434.374458874463,4517835.404719906,4517835.404719906
18.07604024708915,0.0034207031329135675,2.9278668274937654,1.4639334137468827,374.425827685408,47.04105581200962,84.45144067114146,172.85008101371955,61314.41828810425,61314.41828810425
15.623948547179719,0.004566939128978214,1.915655428202113,0.9578277141010565,934.5982119215496,91.77449922915217,197.75235229067158,330.6543198611213,98164.7593226758,98164.7593226758
33.46432366933294,0.014459053740868118,1.2610116171856194,0.6305058085928097,17737.155587776586,7595.108824452556,8833.222837486295,29223.88070949268,6209413.51593745,6209413.51593745
37.24775866514422,0.01113584552990035,2.604897281254342,1.302448640627171,6908.825469621826,3773.871039734845,4620.721825537623,14567.140968633801,3876320.42301354,3876320.42301354
14.62469318202102,0.003331879059855149,2.4478550366425247,1.2239275183212623,369.29883310450225,32.62584485023469,76.44225316904826,116.35149711936762,41465.416194877456,41465.416194877456
12.968425408471294,0.015498827938410129,3.340876217274262,1.670438108637131,38160.726897768815,2810.0135696410944,7652.457641170827,9815.617786980134,5278818.158820559,5278818.158820559
23.562721664387077,0.0178546351747002,2.2284145548660548,1.1142072774330274,46616.52665758247,9576.389139676803,12862.82056578742,36127.84948341022,9353472.703190854,9353472.703190854
27.390795779088045,0.009540764726510982,3.674238875313785,1.8371194376568925,6343.144497317827,1764.9251080423146,2124.66755220812,6727.4266466674435,2352617.4728824277,2352617.4728824277
16.574175360432047,0.004814124762648137,2.1872648673304496,1.0936324336652248,1075.5637040134156,116.4502548967831,232.87808562858095,423.1137335767968,128869.1267177656,128869.1267177656
2.86260946934741,0.016726752801787037,2.709889689455508,1.354944844727754,52562.89814253924,1255.0734554262503,9578.958681078577,3229.7645047808824,3668731.361950655,3668731.361950655
3.9458584705181377,0.012654783708818397,3.3001300227357375,1.6500650113678688,22666.52239127733,591.8928808106347,4146.676133046361,1592.1984759456147,2163207.4293305,2163207.4293305
32.50094069222997,0.0036372652213631645,1.1863322096277764,0.5931661048138882,293.2243675696946,117.67412976115958,136.19824709727752,452.28577118658586,96505.8473892018,96505.8473892018
20.745147342879665,0.015970475055155944,3.577104240199268,1.788552120099634,35880.843344759836,5780.473001523984,8831.276601517258,21563.416343852077,8433414.814619869,8433414.814619869
9.526170453418942,0.01869001418815397,2.093173820002353,1.0465869100011764,69954.90273293339,3443.181118841635,13352.385854622229,11274.822373735247,4992200.026803815,4992200.026803815
33.43999396445163,0.017295855693189033,1.1444517799943767,0.5722258899971884,30388.62835754011,12991.40775437287,15106.694464094331,49986.0527398353,10616331.63386244,10616331.63386244
12.968390977912055,0.014201872336987236,3.6520406973477706,1.8260203486738853,29360.071151642456,2161.9577367053294,5887.638521844837,7551.899639961057,4550228.926390203,4550228.926390203
12.054046353867596,0.002117418028964997,3.7680838973924136,1.8840419486962068,98.59204721771347,6.542156995869645,19.473215463813688,22.536456536788073,15264.866872384991,15264.866872384991
34.86595954678895,0.013766322021952306,2.787781315786768,1.393890657893384,14459.5329685158,6789.887415551049,8002.02530407345,26161.38936065765,7195944.379097363,7195944.379097363
27.762496017212023,0.0037431985982289365,3.9855924430310354,1.9927962215155177,378.4738910458261,108.299595495062,129.4891322256554,413.1317202894649,155935.01356165472,155935.01356165472
29.771532193242408,0.0023778414790607953,2.9604723707923055,1.4802361853961528,90.61544802667648,30.051356271344524,35.01770290634147,115.06149311811322,33066.99480924696,33066.99480924696
21.039900556468854,0.006191198459454135,2.2396058902464455,1.1198029451232228,2075.49347805301,343.2804784535183,516.4158375363537,1282.325081566178,348195.9301635217,348195.9301635217
5.801245111195719,0.01869543756948669,1.658098063771282,0.829049031885641,72335.70129619174,2287.135764881732,13362.216706362213,6648.465838032144,3719475.8888200168,3719475.8888200168
42.45326193759188,0.017898193330550358,2.4786833080860804,1.2393416540430402,22412.802036327288,16647.157546590766,23501.906126350037,64394.94599852212,17327660.61593376,17327660.61593376
18.066337489665226,0.01413311834343594,3.0216901741255096,1.5108450870627548,26413.24609501839,3315.3156785968504,5955.804013382723,12181.171317659066,4446385.981176794,4446385.981176794
16.186571738492496,0.0039161280467950015,3.787758743745277,1.8938793718726386,583.2268352834873,60.70013503683972,125.06646419349117,219.8222784612202,111948.30313550906,111948.30313550906
30.38139447039502,0.00642283488695152,3.538650592657932,1.769325296328966,1747.4344486509708,605.3021097559849,702.351214567092,2319.834389994951,766843.2337263223,766843.2337263223
41.750326014749795,0.009894243910177824,3.461289883342023,1.7306449416710115,3921.425417461608,2799.4781630127572,3860.813580566521,10827.322088120345,3769799.827084203,3769799.827084203
12.690580905743554,0.012313122235467882,2.4910402825225644,1.2455201412612822,19213.304593033616,1371.0959116271472,3834.5216180481175,4770.132258970232,1923123.6078822655,1923123.6078822655
20.295617426334022,0.01527260052399932,1.9136124107309564,0.9568062053654782,31718.03974785102,4906.775429241499,7682.113106918985,18264.13422635419,4724102.6718895715,4724102.6718895715
6.603154078937471,0.019309196146409212,3.2335128116254035,1.6167564058127017,79245.5909810707,2746.713589632735,14718.966764776475,8232.377659834847,7891652.248195931,7891652.248195931
42.138808231795224,0.015877905599014516,1.1349521927226625,0.5674760963613312,15895.993726674242,11600.17968315278,16203.84919340302,44869.18641023685,9312565.674328933,9312565.674328933
4.800066316866689,0.018247851219410402,3.1848488517071765,1.5924244258535882,67671.81776889806,1920.7472422944459,12429.258868972152,5358.209753516517,6238346.710931166,6238346.710931166
7.986490378454882,0.01928812570587103,1.3799563552899192,0.6899781776449596,78081.94632639848,3190.8248682879344,14669.154564102482,10017.830098465185,4555436.186430031,4555436.186430031
39.480506866971005,0.007037735750640538,3.62594630917133,1.812973154585665,1574.6743340948215,985.1536346761209,1270.5688976274002,3807.2484579761103,1343208.1020141097,1343208.1020141097
33.783812779411605,0.0043819971147686775,1.3752883709349932,0.6876441854674966,487.44801169216316,213.20837450159596,248.55593926929592,820.6403992366322,175158.52150828624,175158.52150828624
39.16051677618979,0.016344051360370863,3.584638503203846,1.792319251601923,20020.741782479152,12288.590774605364,15717.20114218129,47483.943120907075,16503214.330777228,16503214.330777228
19.003663408078665,0.003917202441867294,1.6007010404359159,0.8003505202179579,551.1813212719321,75.66424521448627,127.86682790487984,279.6598016303758,71562.93588211093,71562.93588211093
10.760066189206693,0.003846456464549574,3.8883850252689465,1.9441925126344732,601.1064113291912,34.28947868991521,116.50829123504685,115.38437773687579,92040.9676601429,92040.9676601429
0.635774434504538,0.01297548243354552,1.8320702022698403,0.9160351011349201,24645.658246782077,530.4299583286656,4473.369262475659,1285.8915511858097,1127579.1323030915,1127579.1323030915
36.360050945627,0.0026237771571713973,3.8215424906442883,1.9107712453221442,93.95842537842091,48.54959935922566,58.47533315613891,187.28761277916323,67376.5525735693,67376.5525735693
14.66939236679012,0.01424611144869998,3.888349711846881,1.9441748559234404,28845.09374806889,2560.582146892975,5976.319405225038,9136.123802237813,5287385.70376791,5287385.70376791
6.02351088614891,0.004577750513171742,3.262284403144909,1.6311422015724546,1060.3553752311125,34.37802395550263,196.15572751988566,100.80898456558948,104981.53227896619,104981.53227896619
17.085016836939168,0.0024646321728474404,1.9144092735435503,0.9572046367717751,142.89845386757597,16.286745605796373,31.35323609945314,59.41898438774302,16744.703642625493,16744.703642625493
29.798766606962005,0.014109170657557022,2.9713049880681934,1.4856524940340967,18912.156321799805,6284.236143039014,7321.141016441731,24062.334319607333,6932242.717178294,6932242.717178294
4.541316256569115,0.008040807856365129,1.0844993478611826,0.5422496739305913,5797.886377245007,160.30086961189224,1063.523880360325,442.2985367285397,326496.03341946256,326496.03341946256
7.331695033937279,0.0052533101447586935,2.6901740761898516,1.3450870380949258,1586.5956286852147,59.9358546045507,296.37239085930014,184.27501768367637,127162.44600039894,127162.44600039894
26.472265107100274,0.004989997681144135,3.6298174376228065,1.8149087188114033,934.3404839044143,242.32969511670098,297.51710917877585,921.7800530632505,322248.6266232297,322248.6266232297
2.0559971803785935,0.004497641868124501,2.912638342007477,1.4563191710037384,1024.1880577541615,23.22580348881904,186.26311458171506,58.09344558170366,78155.78136116485,78155.78136116485
16.03254736746118,0.013382181882230202,3.262496392222947,1.6312481961114735,23339.465929849717,2390.955792241533,4986.234571072752,8646.911911339268,3736048.4912591437,3736048.4912591437
34.57466188320472,0.012684650307791315,3.221668938841632,1.610834469420816,11449.033963602049,5275.214324600491,6196.217217707173,20319.981402358884,6207780.100133388,6207780.100133388
33.37746384224147,0.012714226404144737,3.2919954291246087,1.6459977145623044,12101.361640757144,5151.884684408169,5988.235955012735,19821.187920648317,6142884.474812327,6142884.474812327
44.05234208369236,0.014067165460304823,2.7391479941042842,1.3695739970521421,10028.695425070086,8132.950592773717,12161.647019189608,31466.761418601793,9266279.081115244,9266279.081115244
11.928579570497865,0.018818532132734656,3.1956759161624575,1.5978379580812287,69331.19337766735,4534.431927301284,13667.009801420132,15587.94157536644,8597680.959320193,8597680.959320193
29.802334021001045,0.015949899655195172,1.1931711698796756,0.5965855849398378,27318.43450919522,9079.846558095738,10577.721907456502,34766.92635216226,7559144.263703457,7559144.263703457
23.2460354166456,0.015270913066117902,2.400499783839745,1.2002498919198725,29420.210629942005,5886.201526900315,8004.779079050235,22182.290346762667,5990212.13484388,5990212.13484388
7.799289954675544,0.002968752141748852,2.5505210496011315,1.2752605248005657,285.1905313100651,11.394505749844567,53.48765649800481,35.56723323135874,21983.330257808404,21983.330257808404
31.513832743194932,0.013193397909573213,2.916075900863497,1.4580379504317484,14529.208788079472,5448.7812389093015,6299.355548384195,20916.473763220456,5915392.181935357,5915392.181935357
17.97043423077059,0.01879176493791896,2.3368073690470603,1.1684036845235302,62212.714810662656,7736.449445883561,13989.147469461937,28406.876512440333,8562212.616595656,8562212.616595656
32.26314827304517,0.019854731219550704,2.173034433425497,1.0865172167127486,48132.79382611461,19005.823126791824,21983.79393931044,73028.6943228106,17533500.829673983,17533500.829673983
6.247013464687508,0.01878257942458958,3.2341168534425724,1.6170584267212862,73127.66141511407,2432.208791308143,13548.314561928737,7193.635188685641,7198463.603634811,7198463.603634811
20.35014093635873,0.018146349780087292,3.7786928812240186,1.8893464406120093,53134.40800748358,8260.639621470547,12893.900148110264,30756.35778367162,12924199.697175756,12924199.697175756
16.417049917380606,0.006242950664542124,2.2896178274952517,1.1448089137476258,2352.6284773416487,250.68517961363654,507.37474140387604,909.6478893256406,286162.13047561684,286162.13047561684
21.034205409714886,0.015514590826717163,1.3382537036718936,0.6691268518359468,32664.70464506355,5399.910611417024,8125.7739725808815,20170.85541668957,4906176.872482897,4906176.872482897
3.8641300855947303,0.018413538443010156,2.856513928297361,1.4282569641486804,69853.8476342039,1810.5692342259586,12774.959899169235,4853.595256848628,5362584.990781461,5362584.990781461
30.647000489411667,0.00925121970139838,2.781755481519164,1.390877740759582,5171.857907672606,1825.485746322353,2115.325211979583,6999.012134347754,1921971.616411919,1921971.616411919
17.043603500480575,0.008850512906538661,2.7496531006792617,1.3748265503396309,6622.640304546446,751.6966900548105,1451.471428630856,2741.538930333535,960094.3755782413,960094.3755782413
15.415759314659232,0.01837502404300146,3.2106445373805803,1.6053222686902902,61101.30487853008,5870.754718349122,12867.052714765727,21109.294614251066,9267272.654210685,9267272.654210685
9.543446372756275,0.00913537862788964,3.8873406273514703,1.9436703136757352,8167.461674012817,402.84012041908545,1559.2431657708366,1319.6673681660359,1191743.1435484423,1191743.1435484423
15.497441765207011,0.011982487268994755,1.5712765536531625,0.7856382768265813,16919.03969116407,1639.5900514745333,3569.5264464426023,5900.115387752794,1679621.8692574752,1679621.8692574752
23.04668900532017,0.0096321588350852,1.385148037269154,0.692574018634577,7422.72855283858,1460.4360193183172,2002.1636665419276,5499.829649769956,1288195.247919019,1288195.247919019
6.880535332807901,0.013499210649154037,2.850196961427595,1.4250984807137974,27019.737053170804,967.5053403591241,5029.072393330733,2928.8436295169477,2283066.1772978427,2283066.1772978427
24.746247388125596,0.015541788537094002,1.974794404285587,0.9873972021427935,29733.867216898754,6729.3772834561005,8669.473667242799,25481.194758733833,6190898.596558997,6190898.596558997
10.94070570456934,0.016387040134666277,2.132566128754011,1.0662830643770056,46376.241228101884,2702.582909613931,9010.90005520349,9126.69614654436,3675025.8407495604,3675025.8407495604
12.111807153775617,0.006333478849160045,1.6502076325872381,0.8251038162936191,2636.339727216789,176.10326956876915,521.186473495279,607.2114603472077,204042.16980844378,204042.16980844378
22.282236050524183,0.01592651073463225,1.841802087012422,0.920901043506211,34240.49937297763,6312.784080656275,8943.54267329532,23705.496010327857,5838065.939411832,5838065.939411832
9.017034272067194,0.017339987832488517,2.302402683941332,1.151201341970666,56166.78911716792,2599.738723705119,10660.4203392482,8404.184631676175,4181677.000619003,4181677.000619003
14.619458591084316,0.015096019608947502,3.3537162018658444,1.6768581009329222,34350.721641620476,3033.022222052414,7109.580102943704,10815.852557366816,5224886.998692862,5224886.998692862
23.186670906744403,0.009773956031208729,2.501194985539758,1.250597492769879,7726.121288193053,1538.1183127123281,2096.7066424899594,5795.235239426419,1603183.9259357294,1603183.9259357294
23.059269591186506,0.019237294065983103,3.0024654326827456,1.5012327163413728,59112.244644533035,11642.771111823015,15953.268517035083,43847.26402649105,13779836.941720415,13779836.941720415
34.06880909942596,0.011007827019387849,2.2876449160967613,1.1438224580483807,7638.671844616236,3404.676942282098,3978.856586011422,13108.377522592344,3218482.477424911,3218482.477424911
9.174190139027612,0.01146580835199994,1.5218678412290538,0.7609339206145269,16212.03791301326,764.7787120987515,3082.2585787759135,2482.4007672498333,1010556.3992580818,1010556.3992580818
22.016795699924536,0.002648584436384724,1.4469431129587873,0.7234715564793937,158.56155944230733,28.571812643523153,40.97275308950224,107.17858655557517,25557.342974742165,25557.342974742165
4.60245426483073,0.011989851702459035,2.580851168263092,1.290425584131546,19216.477489148936,534.56631840527,3525.9860050976818,1478.8060381344158,1316811.7935788955,1316811.7935788955
35.78493423786847,0.007419697218280308,3.556619317406257,1.7783096587031284,2177.9895975021864,1085.0602024070818,1294.8324642128443,4183.9602098570695,1399793.2362092922,1399793.2362092922
25.100889151123585,0.00836180915546864,2.3244233910667904,1.1622116955333952,4582.9720497059125,1067.16900075271,1359.6479961125924,4044.9856401460447,1046518.3210549514,1046518.3210549514
7.411536774852307,0.003266775712338646,1.8961567863087252,0.9480783931543626,381.2706154750287,14.541024684750056,71.26790528891493,44.82567609707582,22528.983809615107,22528.983809615107
12.63909525626731,0.010215615959902242,2.0830860897619536,1.0415430448809768,10980.351274093126,779.0155136020949,2189.5149993471164,2708.1747443451436,964143.9420192108,964143.9420192108
31.800313054685596,0.012976508974190537,2.440988419342565,1.2204942096712825,13676.343538884397,5231.504129190127,6047.699138526541,20089.9898421039,5098756.913673947,5098756.913673947
40.04377555256009,0.01177309961361327,2.7024560776816013,1.3512280388408007,7177.678032287091,4642.655610173876,6080.4165727621585,17946.285580240703,4992447.5587679,4992447.5587679
25.67305251968771,0.010593472157800817,3.68072387588987,1.840361937944935,9161.284677861713,2232.350749905776,2797.3756777430217,8474.560006583775,3037360.8835115903,3037360.8835115903
17.375514366593052,0.01574057114420331,2.6665443325900178,1.3332721662950089,37010.07456220786,4341.678010204762,8184.2055797314315,15874.577512839642,5352489.423035615,5352489.423035615
2.592678653514829,0.009005642806903965,2.988819897909502,1.494409948954751,8210.177858399547,192.37983900169016,1495.0638429421265,490.07800486593453,656116.4112501177,656116.4112501177
34.79352704775849,0.00622865836169484,3.729672934835315,1.8648364674176574,1343.350719767258,627.8469693192534,739.2956435348631,2418.93295190388,841361.6529076073,841361.6529076073
34.053118840015024,0.019481053664535723,1.0412646853400287,0.5206323426700143,42366.90479210598,18864.074270290836,22042.253325579433,72627.61689555927,15444471.291234186,15444471.291234186
27.658571295336127,0.010513563199829025,3.501679886901055,1.7508399434505275,8414.56807334557,2389.0794899741954,2861.7758277691664,9111.690470929108,3039900.517836712,3039900.517836712
40.56945759288959,0.007213925747376159,1.1937937032234625,0.5968968516117312,1610.1996838801506,1074.041032603945,1428.071297027118,4152.52871866385,865495.3892529628,865495.3892529628
18.11516874599317,0.003455104965419382,3.4218704861481664,1.7109352430740832,385.5204357431181,48.61871061094038,87.05311874997624,178.69399733162723,73598.04126334311,73598.04126334311
31.59503700088886,0.007161615394180393,2.008527209325199,1.0042636046625995,2316.7765042816477,873.7436962323341,1010.0818541961802,3354.4414014848307,782240.8894624175,782240.8894624175
5.930640829066396,0.005726291790665701,1.7823952356930908,0.8911976178465454,2076.779463925405,66.62724468830794,383.95126035347573,194.6688762903055,109964.09886557197,109964.09886557197
21.530788122128186,0.004032124902966368,1.3917438293958648,0.6958719146979324,566.389282102043,97.82879666922565,143.57937736837087,366.2339786374703,88080.79241597491,88080.79241597491
12.697788748591773,0.010040257234214624,2.5628728628438164,1.2814364314219082,10415.650508913874,743.8869052161335,2078.9715077647134,2588.3068827104107,1069157.9383347773,1069157.9383347773
0.2723348850822832,0.006158339167084412,3.574265383735886,1.787132691867943,2635.3739428746494,56.456561779246954,478.2591077514146,136.4674464058108,275362.2350375578,275362.2350375578
42.72310797926136,0.0074633334272102905,2.3107515141493833,1.1553757570746916,1603.1083679534772,1208.771150444786,1722.4391208723214,4676.030434170566,1208789.0486372074,1208789.0486372074
16.81125868719574,0.015118269217215295,2.05606891593486,1.02803445796743,33159.30598265992,3677.0792117179435,7223.334984233968,13386.252040411044,3919381.678505289,3919381.678505289
5.9833198505765015,0.007397578675354314,1.2233578219255743,0.6116789109627871,4475.930594287674,144.45511228264616,827.7861343012452,422.9333313334357,245170.28620312508,245170.28620312508
38.512857857211266,0.013736030923881992,3.8191225648660048,1.9095612824330024,12246.243929947159,7229.117829927307,9099.463070420488,27924.885517389892,10253310.806463772,10253310.806463772
6.519740475238027,0.016025665143167944,2.3116588627978754,1.1558294313989377,45331.68381504482,1556.0316261168962,8414.735486266089,4649.437801143448,2967169.9689365895,2967169.9689365895
20.62139148454132,0.010005415541014466,2.7565474050399317,1.3782737025199658,8849.27142139816,1409.8802999454626,2168.303262552118,5256.297895588786,1637782.6908507221,1637782.6908507221
8.971211881450312,0.01267077268526631,3.7717079909989337,1.8858539954994669,21925.37947469591,1009.2325490201068,4159.394143746945,3258.6144453568177,2991074.2692912337,2991074.2692912337
43.87400085136504,0.016148173808085624,1.9062980044527915,0.9531490022263958,15310.911319726614,12297.561221095435,18266.411409537883,47579.166147449774,11271273.289632719,11271273.289632719
11.457856836251857,0.010570024990979686,2.929036858854048,1.464518429427024,12363.460974025573,765.5799932722247,2419.9296557835232,2610.490493974877,1349191.0222433985,1349191.0222433985
44.26521708154566,0.006003056685646293,2.774750239820977,1.3873751199104885,770.8027982210752,632.2947744994631,953.1843532735729,2446.4108326848773,729922.0327149205,729922.0327149205
43.773815736979344,0.019923507831471635,2.612124703149313,1.3060623515746566,28905.00203324548,23090.41340160368,34169.96776068358,89335.82771469888,25302064.934088007,25302064.934088007
14.897439912714562,0.007406701203326884,2.510840545994423,1.2554202729972115,4038.049723546308,367.30146258338897,840.6899355744097,1313.7450156719601,470980.7831145817,470980.7831145817
41.111753343651564,0.017743937166273163,3.0377554427237303,1.5188777213618652,23339.06733880984,16064.146181330781,21711.266904463737,62119.13212377,19087208.99622743,19087208.99622743
21.511991278991125,0.016432532270033308,2.1825029085797447,1.0912514542898724,38355.81808417414,6614.040163492744,9716.112912905106,24758.464355890144,6576915.385638937,6576915.385638937
44.86225301577367,0.003846371515918181,1.5983694704283713,0.7991847352141856,196.52855191560994,166.42128578307634,256.77044857225604,643.9130486772493,143757.25151508098,143757.25151508098
29.075251825611407,0.005302938106781326,3.6725291343924154,1.8362645671962077,1029.738997139806,324.712935921738,380.97519561950816,1241.7964171762515,427604.59713835985,427604.59713835985
0.5150185616276015,0.0054538920457658045,2.1846422688080005,1.0923211344040002,1830.3065389740536,39.315514250893756,332.19055399956795,95.19428844738869,95866.99770531848,95866.99770531848
